[
  {
    "package": "parsnip",
    "url": "https://github.com/tidymodels/parsnip",
    "via": ["tune", "workflows"],
    "from": "tune"
  },
  {
    "package": "parsnip",
    "url": "https://github.com/tidymodels/parsnip",
    "via": ["workflows"],
    "from": "workflows"
  },
  {
    "package": "probably",
    "url": "https://github.com/tidymodels/probably",
    "via": ["tune", "tailor"],
    "from": "tune"
  },
  {
    "package": "probably",
    "url": "https://github.com/tidymodels/probably",
    "via": ["workflows", "tailor"],
    "from": "workflows"
  },
  {
    "package": "rsample",
    "url": "https://github.com/tidymodels/rsample",
    "via": ["tune"],
    "from": "tune"
  },
  {
    "package": "rsample",
    "url": "https://github.com/tidymodels/rsample",
    "via": ["workflows"],
    "from": "workflows"
  },
  {
    "package": "sparsevctrs",
    "url": "https://github.com/r-lib/sparsevctrs",
    "via": ["parsnip"],
    "from": "parsnip"
  },
  {
    "package": "sparsevctrs",
    "url": "https://github.com/r-lib/sparsevctrs",
    "via": ["workflows", "parsnip"],
    "from": "workflows"
  },
  {
    "package": "tailor",
    "url": "https://github.com/tidymodels/tailor",
    "via": ["tune"],
    "from": "tune"
  },
  {
    "package": "tailor",
    "url": "https://github.com/tidymodels/tailor",
    "via": ["workflows"],
    "from": "workflows"
  },
  {
    "package": "workflows",
    "url": "https://github.com/tidymodels/workflows",
    "via": ["tune"],
    "from": "tune"
  }
]
