[
  {
    "package": "DoOR.data",
    "url": "https://github.com/Dahaniel/DoOR.data",
    "via": ["DoOR.functions"],
    "branch": "v2.0.1",
    "from": "DoOR.functions"
  },
  {
    "package": "DoOR.functions",
    "url": "https://github.com/Dahaniel/DoOR.functions",
    "via": ["DoOR.data"],
    "branch": "v2.0.1",
    "from": "DoOR.data"
  },
  {
    "package": "SBC",
    "url": "https://github.com/hyunjimoon/SBC",
    "via": ["stantargets"],
    "from": "stantargets"
  },
  {
    "package": "babelquarto",
    "url": "https://github.com/ropensci-review-tools/babelquarto",
    "via": ["babeldown"],
    "from": "babeldown"
  },
  {
    "package": "cmdstanr",
    "url": "https://github.com/stan-dev/cmdstanr",
    "via": ["stantargets"],
    "from": "stantargets"
  },
  {
    "package": "emo",
    "url": "https://github.com/hadley/emo",
    "via": ["pkgreviewr"],
    "from": "pkgreviewr"
  },
  {
    "package": "evaluate",
    "url": "https://github.com/r-lib/evaluate",
    "via": ["osmextract"],
    "from": "osmextract"
  },
  {
    "package": "ggmap",
    "url": "https://github.com/dkahle/ggmap",
    "via": ["refsplitr"],
    "from": "refsplitr"
  },
  {
    "package": "goodpractice",
    "url": "https://github.com/mangothecat/goodpractice",
    "via": ["pkgcheck"],
    "from": "pkgcheck"
  },
  {
    "package": "goodpractice",
    "url": "https://github.com/mangoTheCat/goodpractice",
    "via": ["pkgreviewr"],
    "from": "pkgreviewr"
  },
  {
    "package": "goodpractice",
    "url": "https://github.com/mangothecat/goodpractice",
    "via": ["roreviewapi", "pkgcheck"],
    "from": "roreviewapi"
  },
  {
    "package": "leafem",
    "url": "https://github.com/r-spatial/leafem",
    "via": ["ruODK"],
    "from": "ruODK"
  },
  {
    "package": "mapview",
    "url": "https://github.com/r-spatial/mapview",
    "via": ["ruODK"],
    "from": "ruODK"
  },
  {
    "package": "pkgcheck",
    "url": "https://github.com/ropensci-review-tools/pkgcheck",
    "via": ["roreviewapi"],
    "from": "roreviewapi"
  },
  {
    "package": "pkgstats",
    "url": "https://github.com/ropensci-review-tools/pkgstats",
    "via": ["pkgcheck"],
    "from": "pkgcheck"
  },
  {
    "package": "pkgstats",
    "url": "https://github.com/ropensci-review-tools/pkgstats",
    "via": ["roreviewapi", "pkgcheck"],
    "from": "roreviewapi"
  },
  {
    "package": "rrricanes",
    "url": "https://github.com/ropensci/rrricanes",
    "via": ["rrricanesdata"],
    "branch": "develop",
    "from": "rrricanesdata"
  },
  {
    "package": "rsgeo",
    "url": "https://github.com/JosiahParry/rsgeo",
    "via": ["stplanr"],
    "from": "stplanr"
  },
  {
    "package": "srr",
    "url": "https://github.com/ropensci-review-tools/srr",
    "via": ["pkgcheck"],
    "from": "pkgcheck"
  },
  {
    "package": "srr",
    "url": "https://github.com/ropensci-review-tools/srr",
    "via": ["roreviewapi", "pkgcheck"],
    "from": "roreviewapi"
  },
  {
    "package": "taxizedb",
    "url": "https://github.com/ropensci/taxizedb",
    "via": ["onekp"],
    "from": "onekp"
  },
  {
    "package": "tinkr",
    "url": "https://github.com/ropensci/tinkr",
    "via": ["babeldown"],
    "from": "babeldown"
  }
]
